Téléphones, 1
Tablettes, 1
Ordinateurs Portables, 1
Ordinateurs De Bureau, 1
Accessoires Informatique Et Gadgets, 1
Jeux Vidéo Et Consoles, 1
Appareils Photo Et Caméras, 1
Télévisions, 1
Image & Son, 1
Vêtements, 2
Chaussures, 2
Montres Et Bijoux, 2
Sacs Et Accessoires, 2
Vêtements Pour Enfant Et Bébé, 2
Equipements Pour Enfant Et Bébé, 2
Produits De Beauté, 2
Voitures D'occasion, 3
Location De Voitures, 3
Auto Neuf, 3
Pièces Et Accessoires Pour Véhicules, 3
Motos, 3
Vélos, 3
Engins BTP, 3
Engins Agricole, 3
Remorques Et Caravanes, 3
Camions, 3
Bateaux, 3
Autres Véhicules, 3
Sports Et Loisirs, 4
Animaux, 4
Instruments De Musique, 4
Art Et Collections, 4
Voyages Et Billetterie, 4
Films, Livres, Magazines, 4
Appartements, 5
Maisons Et Villas, 5
Immo Neuf, 5
Bureaux Et Plateaux, 5
Locations De Vacances, 5
Magasins, Commerces Et Locaux Industriels, 5
Colocations, 5
Terrains Et Fermes, 5
Autre Immobilier, 5
Electroménager Et Vaisselles, 6
Meubles Et Décoration, 6
Jardin Et Outils De Bricolage, 6
Offres D'emploi, 7
Offres De Stages, 7
Centre D'appels, 7
Cadres, 7
Métiers IT, 7
Femmes De Ménages, Nounous Et Chauffeurs, 7
Travaux De Maison, 7
Demandes D'emploi, 7
Services, 7
Cours Et Formations, 7
Business Et Affaires Commerciales, 8
Matériels Professionnels, 8
Stocks Et Vente En Gros, 8
Véhicules, 9
Immobilier, 9
Divers, 9
AUTRES, 10

